iter,nth,x,iter_converged,error,time_1,time_2,result
1,766,712,30,1.32248e-06,0.009,0.004726,1.00861
2,161,827,30,1.53668e-06,0.004,0.003519,1.04261
3,481,352,29,1.30385e-06,0.004,0.002991,1.01226
4,969,156,28,1.14739e-06,0.003,0.002883,1.00522
5,432,416,29,1.54227e-06,0.002,0.002862,1.01406
6,128,875,30,1.62609e-06,0.003,0.003146,1.05435
7,463,830,30,1.54227e-06,0.002,0.0029,1.01462
8,801,307,29,1.13621e-06,0.003,0.002826,1.00718
9,995,591,30,1.0971e-06,0.004,0.003043,1.00644
10,78,537,29,1.99303e-06,0.004,0.003123,1.08393
11,884,767,30,1.42492e-06,0.003,0.002953,1.00754
12,123,987,30,1.83471e-06,0.004,0.003162,1.05765
13,512,230,28,1.69873e-06,0.004,0.002818,1.01068
14,70,852,30,1.58325e-06,0.003,0.002935,1.10119
15,230,466,29,1.72853e-06,0.004,0.002988,1.02707
16,38,865,30,1.60746e-06,0.004,0.00309,1.19479
17,479,70,27,1.01328e-06,0.003,0.00286,1.00891
18,745,745,30,1.38395e-06,0.004,0.002973,1.00892
19,613,864,30,1.6056e-06,0.002,0.003074,1.01109
20,665,198,28,1.46031e-06,0.003,0.002766,1.00798
21,932,409,29,1.51619e-06,0.002,0.002829,1.00647
22,689,690,30,1.2815e-06,0.004,0.002941,1.00953
23,219,951,30,1.76765e-06,0.003,0.002987,1.03181
24,658,247,28,1.82539e-06,0.004,0.002862,1.00841
25,201,709,30,1.31689e-06,0.003,0.003127,1.0332
26,281,742,30,1.37836e-06,0.003,0.003092,1.0238
27,823,122,27,1.78814e-06,0.004,0.002806,1.00585
28,542,146,28,1.07288e-06,0.003,0.002797,1.00924
29,296,207,28,1.52737e-06,0.004,0.00296,1.01818
30,897,45,26,1.2815e-06,0.004,0.002764,1.00425
31,9,83,27,1.20699e-06,0.003,0.002892,1.63392
32,848,774,30,1.43796e-06,0.004,0.003109,1.00787
33,88,639,30,1.1865e-06,0.004,0.00303,1.07617
34,244,986,30,1.83284e-06,0.003,0.002992,1.02866
35,775,432,29,1.60187e-06,0.004,0.002946,1.00786
36,152,293,29,1.08406e-06,0.003,0.002953,1.03808
37,763,455,29,1.68756e-06,0.004,0.002854,1.00805
38,919,186,28,1.37091e-06,0.003,0.002911,1.0057
39,919,589,30,1.09337e-06,0.004,0.002903,1.00696
40,601,654,30,1.21444e-06,0.003,0.003069,1.01085
41,509,962,30,1.78814e-06,0.004,0.003038,1.01359
42,956,501,29,1.85892e-06,0.003,0.00285,1.00652
43,288,208,28,1.53482e-06,0.004,0.003094,1.01871
44,546,705,30,1.30944e-06,0.003,0.003026,1.01208
45,200,374,29,1.38581e-06,0.004,0.003082,1.03006
46,92,203,28,1.49757e-06,0.003,0.003005,1.05945
47,643,85,27,1.2368e-06,0.004,0.002811,1.00693
48,538,375,29,1.38953e-06,0.002,0.002922,1.01108
49,411,330,29,1.2219e-06,0.003,0.002968,1.01421
50,592,161,28,1.18464e-06,0.002,0.002929,1.00862
51,439,629,30,1.16788e-06,0.003,0.003099,1.01479
52,494,172,28,1.2666e-06,0.002,0.002985,1.01047
53,334,400,29,1.48267e-06,0.003,0.002891,1.0181
54,518,768,30,1.42679e-06,0.002,0.003029,1.01291
55,134,468,29,1.73599e-06,0.003,0.003005,1.04695
56,295,16,24,1.66893e-06,0.002,0.002763,1.00944
57,693,671,30,1.24611e-06,0.002,0.002891,1.00944
58,941,126,27,1.84774e-06,0.002,0.002868,1.00515
59,220,758,30,1.40816e-06,0.003,0.003176,1.0306
60,832,726,30,1.34856e-06,0.003,0.003022,1.00795
61,211,219,28,1.61678e-06,0.004,0.002862,1.02587
62,487,706,30,1.3113e-06,0.004,0.003081,1.01356
63,504,879,30,1.63354e-06,0.003,0.002973,1.01354
64,788,191,28,1.40816e-06,0.004,0.002819,1.00669
65,310,249,28,1.84029e-06,0.003,0.002962,1.01796
66,117,350,29,1.2964e-06,0.004,0.003055,1.05134
67,12,295,29,1.09151e-06,0.004,0.003135,1.60627
68,58,403,29,1.49384e-06,0.003,0.002964,1.10897
69,902,988,30,1.83657e-06,0.004,0.002854,1.00767
70,378,519,29,1.92598e-06,0.003,0.002814,1.01668
71,30,250,28,1.84774e-06,0.003,0.002972,1.20207
72,604,602,30,1.11759e-06,0.004,0.002859,1.01065
73,965,190,28,1.40071e-06,0.003,0.002925,1.00545
74,891,829,30,1.54041e-06,0.004,0.002967,1.00757
75,911,930,30,1.72853e-06,0.004,0.003003,1.00753
76,879,141,28,1.03563e-06,0.004,0.002859,1.00565
77,920,281,29,1.03936e-06,0.003,0.00293,1.00615
78,121,521,29,1.93343e-06,0.004,0.003044,1.05306
79,378,736,30,1.36718e-06,0.004,0.003077,1.01762
80,731,754,30,1.40071e-06,0.003,0.002991,1.00911
81,722,789,30,1.4659e-06,0.004,0.002986,1.00928
82,689,994,30,1.84774e-06,0.002,0.002933,1.01007
83,50,835,30,1.55158e-06,0.002,0.003129,1.14402
84,742,189,28,1.39326e-06,0.003,0.002978,1.00709
85,842,81,27,1.17719e-06,0.003,0.0028,1.00523
86,263,341,29,1.26287e-06,0.003,0.003155,1.02242
87,956,581,30,1.07847e-06,0.003,0.003069,1.00668
88,677,573,30,1.06357e-06,0.003,0.002932,1.00942
89,875,287,29,1.06171e-06,0.002,0.002887,1.00649
90,967,556,30,1.03191e-06,0.002,0.002856,1.00656
91,229,520,29,1.9297e-06,0.003,0.003043,1.02769
92,961,998,30,1.85519e-06,0.003,0.002985,1.00721
93,384,587,30,1.08965e-06,0.002,0.003011,1.01674
94,165,657,30,1.22003e-06,0.004,0.003047,1.0401
95,962,844,30,1.56835e-06,0.003,0.002947,1.00703
96,491,615,30,1.1418e-06,0.004,0.002992,1.01316
97,814,765,30,1.4212e-06,0.003,0.002959,1.00819
98,147,950,30,1.76579e-06,0.004,0.003079,1.04775
99,868,114,27,1.66893e-06,0.003,0.002829,1.00547
100,570,684,30,1.27032e-06,0.004,0.002954,1.01152
101,896,926,30,1.72108e-06,0.003,0.002901,1.00765
102,147,269,28,1.98931e-06,0.003,0.002866,1.03879
103,794,558,30,1.03563e-06,0.003,0.002941,1.008
104,52,658,30,1.2219e-06,0.003,0.003003,1.13291
105,587,19,25,1.01328e-06,0.002,0.002726,1.00503
106,25,88,27,1.2815e-06,0.002,0.002845,1.19613
107,621,182,28,1.3411e-06,0.003,0.002795,1.00841
108,717,447,29,1.65775e-06,0.002,0.002938,1.00855
109,193,683,30,1.26846e-06,0.003,0.00305,1.03439
110,654,434,29,1.60933e-06,0.003,0.002882,1.00933
111,121,360,29,1.33365e-06,0.004,0.003067,1.04985
112,161,474,29,1.75834e-06,0.003,0.003118,1.03901
113,966,510,29,1.89245e-06,0.004,0.002895,1.00648
115,312,672,30,1.24797e-06,0.003,0.003052,1.02109
116,368,596,30,1.10641e-06,0.004,0.003046,1.01752
117,457,747,30,1.38767e-06,0.004,0.003011,1.01458
118,286,354,29,1.3113e-06,0.004,0.002947,1.02073
119,427,985,30,1.83098e-06,0.002,0.002874,1.01627
120,506,266,28,1.96695e-06,0.003,0.002849,1.0111
121,179,649,30,1.20513e-06,0.003,0.00302,1.03684
122,773,562,30,1.04308e-06,0.003,0.002961,1.00822
123,476,885,30,1.64472e-06,0.003,0.002851,1.01436
124,89,401,29,1.48639e-06,0.004,0.003055,1.06967
125,521,573,30,1.06357e-06,0.003,0.002916,1.01226
126,493,842,30,1.56462e-06,0.004,0.002956,1.01376
127,253,113,27,1.65403e-06,0.003,0.002963,1.01886
128,528,560,30,1.03936e-06,0.004,0.002934,1.01206
129,874,301,29,1.11386e-06,0.003,0.003106,1.00655
130,962,242,28,1.78814e-06,0.004,0.002888,1.00572
131,515,483,29,1.79186e-06,0.003,0.002892,1.01207
132,693,343,29,1.27032e-06,0.004,0.003004,1.00846
133,577,7,23,1.19209e-06,0.003,0.002536,1.00338
134,8,428,29,1.58697e-06,0.003,0.003028,2.1327
135,600,893,30,1.65962e-06,0.004,0.002969,1.01139
136,846,381,29,1.41189e-06,0.003,0.002934,1.00705
137,491,830,30,1.54227e-06,0.004,0.003044,1.01378
138,279,349,29,1.29268e-06,0.003,0.002928,1.02121
139,207,433,29,1.6056e-06,0.004,0.003089,1.02976
140,618,908,30,1.68756e-06,0.002,0.00289,1.01108
141,963,692,30,1.28523e-06,0.002,0.002835,1.00681
142,644,871,30,1.61864e-06,0.002,0.002789,1.01057
143,368,257,28,1.8999e-06,0.004,0.003042,1.01519
144,208,473,29,1.75461e-06,0.002,0.00295,1.03005
145,33,667,30,1.23866e-06,0.003,0.003045,1.21781
146,217,298,29,1.10269e-06,0.003,0.002872,1.0266
147,619,120,27,1.75834e-06,0.002,0.003004,1.00776
148,184,828,30,1.53854e-06,0.003,0.003033,1.03719
149,345,101,27,1.47521e-06,0.002,0.002835,1.01347
150,807,288,29,1.06543e-06,0.002,0.002834,1.00704
151,331,504,29,1.8701e-06,0.003,0.002873,1.01898
152,946,488,29,1.81049e-06,0.002,0.002877,1.00657
153,843,744,30,1.38208e-06,0.003,0.002982,1.00787
154,375,354,29,1.3113e-06,0.002,0.002941,1.01577
155,985,995,30,1.84961e-06,0.003,0.003,1.00703
156,435,220,28,1.62423e-06,0.002,0.002831,1.01248
157,597,605,30,1.12318e-06,0.003,0.002881,1.01079
158,278,155,28,1.13994e-06,0.004,0.002941,1.01831
159,566,892,30,1.65775e-06,0.003,0.002892,1.01207
161,588,172,28,1.2666e-06,0.004,0.002857,1.00879
162,958,903,30,1.67824e-06,0.003,0.002999,1.00713
163,756,213,28,1.57207e-06,0.003,0.002776,1.00712
164,283,80,27,1.16229e-06,0.003,0.002828,1.0156
165,838,892,30,1.65775e-06,0.002,0.002948,1.00814
166,966,377,29,1.39698e-06,0.003,0.002811,1.00616
167,801,508,29,1.885e-06,0.002,0.002837,1.00781
168,603,393,29,1.45659e-06,0.003,0.003038,1.00996
169,944,99,27,1.44541e-06,0.002,0.002859,1.00488
170,110,653,30,1.21258e-06,0.003,0.003253,1.06069
171,804,321,29,1.18837e-06,0.002,0.002958,1.0072
172,711,506,29,1.87755e-06,0.004,0.002914,1.0088
173,294,202,28,1.49012e-06,0.003,0.002959,1.01822
174,368,577,30,1.07102e-06,0.004,0.003046,1.01743
175,260,527,29,1.95578e-06,0.003,0.002928,1.0244
176,226,282,29,1.04308e-06,0.004,0.00294,1.02528
177,311,721,30,1.33924e-06,0.003,0.002869,1.02139
178,540,202,28,1.49012e-06,0.004,0.002911,1.00988
179,362,180,28,1.3262e-06,0.003,0.002837,1.01445
180,371,947,30,1.7602e-06,0.004,0.002941,1.01864
181,821,442,29,1.63913e-06,0.003,0.002951,1.00745
182,885,774,30,1.43796e-06,0.004,0.003039,1.00754
183,36,429,29,1.5907e-06,0.003,0.003058,1.18338
184,296,608,30,1.12876e-06,0.004,0.003061,1.02189
185,634,47,26,1.3411e-06,0.003,0.002892,1.00609
186,705,925,30,1.71922e-06,0.003,0.002965,1.00974
187,336,25,25,1.37091e-06,0.002,0.002828,1.00963
188,269,563,30,1.04494e-06,0.003,0.003016,1.02382
189,360,681,30,1.26474e-06,0.002,0.002921,1.01829
190,423,723,30,1.34297e-06,0.003,0.00302,1.01569
191,155,56,26,1.60933e-06,0.002,0.002852,1.02631
192,264,125,27,1.83284e-06,0.004,0.002849,1.01846
193,476,828,30,1.53854e-06,0.004,0.00311,1.01422
194,153,229,28,1.69128e-06,0.004,0.003073,1.03615
195,133,131,27,1.92225e-06,0.004,0.002843,1.03733
196,86,739,30,1.37277e-06,0.003,0.003075,1.07983
197,267,435,29,1.61305e-06,0.004,0.003006,1.02301
198,44,467,29,1.73226e-06,0.002,0.003037,1.14992
199,6,398,29,1.47521e-06,0.003,0.003124,2.71215
200,891,295,29,1.09151e-06,0.003,0.002842,1.0064
201,397,19,25,1.01328e-06,0.002,0.002931,1.00744
202,436,61,26,1.75834e-06,0.003,0.002876,1.00947
203,863,322,29,1.19209e-06,0.003,0.002874,1.00671
204,789,75,27,1.08778e-06,0.003,0.002802,1.00549
205,216,706,30,1.3113e-06,0.004,0.003128,1.03083
206,455,580,30,1.07661e-06,0.003,0.002889,1.01408
207,821,378,29,1.40071e-06,0.004,0.002929,1.00725
208,793,732,30,1.35973e-06,0.003,0.002917,1.00835
209,35,807,30,1.49943e-06,0.004,0.003026,1.21075
210,439,52,26,1.49012e-06,0.003,0.002674,1.00904
211,123,486,29,1.80304e-06,0.003,0.002971,1.05158
212,387,638,30,1.18464e-06,0.002,0.003082,1.01683
213,124,423,29,1.56835e-06,0.003,0.002843,1.04998
214,425,708,30,1.31503e-06,0.002,0.002963,1.01556
215,294,268,28,1.98185e-06,0.003,0.002928,1.0192
216,454,199,28,1.46776e-06,0.002,0.002832,1.01173
217,988,196,28,1.44541e-06,0.003,0.002897,1.00536
218,410,950,30,1.76579e-06,0.004,0.002897,1.01686
219,794,299,29,1.10641e-06,0.003,0.002879,1.00721
220,330,756,30,1.40443e-06,0.004,0.002948,1.02029
221,517,18,24,1.90735e-06,0.003,0.002671,1.00561
222,764,937,30,1.74157e-06,0.004,0.002939,1.009
223,457,133,27,1.95205e-06,0.003,0.002793,1.01076
224,387,443,29,1.64285e-06,0.003,0.002837,1.01587
225,591,961,30,1.78628e-06,0.003,0.002842,1.01169
226,964,276,29,1.02073e-06,0.003,0.002856,1.00585
227,700,255,28,1.885e-06,0.002,0.002941,1.00795
228,25,729,30,1.35414e-06,0.002,0.003252,1.30169
229,425,998,30,1.85519e-06,0.003,0.002921,1.01638
230,996,66,26,1.90735e-06,0.003,0.002668,1.00422
231,221,450,29,1.66893e-06,0.004,0.00294,1.02803
232,678,872,30,1.6205e-06,0.003,0.002935,1.01004
233,388,618,30,1.14739e-06,0.004,0.003013,1.0167
234,909,460,29,1.70618e-06,0.003,0.00289,1.00677
235,307,157,28,1.15484e-06,0.003,0.002925,1.01661
236,770,750,30,1.39326e-06,0.003,0.002906,1.00863
237,516,782,30,1.45286e-06,0.002,0.002925,1.01299
238,722,667,30,1.23866e-06,0.003,0.002983,1.00905
239,83,73,27,1.05798e-06,0.002,0.002963,1.05305
240,905,555,30,1.03004e-06,0.004,0.002852,1.00701
241,635,960,30,1.78441e-06,0.003,0.002902,1.01087
242,782,820,30,1.52364e-06,0.004,0.003,1.00862
243,984,169,28,1.24425e-06,0.003,0.002865,1.00523
244,827,794,30,1.47521e-06,0.003,0.002966,1.00811
245,434,415,29,1.53854e-06,0.004,0.003043,1.01399
247,593,202,28,1.49012e-06,0.003,0.002788,1.00899
248,927,511,29,1.89617e-06,0.002,0.002804,1.00675
249,550,73,27,1.05798e-06,0.003,0.002837,1.00783
250,54,913,30,1.69687e-06,0.002,0.003166,1.13455
251,382,378,29,1.40071e-06,0.002,0.002916,1.01566
252,768,542,30,1.00583e-06,0.002,0.002875,1.00823
253,411,493,29,1.82912e-06,0.003,0.002903,1.0152
254,813,142,28,1.04308e-06,0.003,0.002998,1.00611
255,195,239,28,1.76579e-06,0.003,0.003035,1.02848
256,779,993,30,1.84588e-06,0.003,0.002923,1.0089
257,37,595,30,1.10455e-06,0.004,0.00309,1.18847
258,730,151,28,1.11014e-06,0.003,0.002927,1.0069
259,673,457,29,1.69501e-06,0.002,0.002934,1.00914
260,62,141,28,1.03563e-06,0.003,0.002931,1.08309
261,231,482,29,1.78814e-06,0.01,0.011256,1.02711
262,39,246,28,1.81794e-06,0.002,0.002739,1.15161
263,953,862,30,1.60187e-06,0.003,0.002685,1.00712
264,507,671,30,1.24611e-06,0.002,0.002876,1.01292
265,340,916,30,1.70246e-06,0.002,0.002719,1.02026
266,91,594,30,1.10269e-06,0.004,0.002926,1.07271
267,218,778,30,1.44541e-06,0.003,0.002869,1.03101
268,638,838,30,1.55717e-06,0.002,0.002892,1.01061
269,763,763,30,1.41747e-06,0.004,0.00265,1.00874
270,215,594,30,1.10269e-06,0.004,0.002868,1.03015
271,380,356,29,1.31875e-06,0.003,0.002705,1.01558
272,535,188,28,1.38581e-06,0.002,0.002745,1.00984
273,618,513,29,1.90362e-06,0.003,0.002772,1.01015
274,541,990,30,1.84029e-06,0.002,0.002777,1.01283
275,296,97,27,1.41561e-06,0.003,0.002666,1.01558
276,40,862,30,1.60187e-06,0.004,0.0029,1.1841
277,126,808,30,1.50129e-06,0.003,0.002892,1.05457
278,997,825,30,1.53296e-06,0.004,0.002684,1.00676
279,400,995,30,1.84961e-06,0.002,0.002734,1.01741
280,185,256,28,1.89245e-06,0.002,0.002734,1.03043
281,224,231,28,1.70618e-06,0.003,0.002753,1.02459
282,280,731,30,1.35787e-06,0.003,0.002865,1.02383
283,744,83,27,1.20699e-06,0.002,0.002669,1.00596
284,561,908,30,1.68756e-06,0.004,0.002709,1.01222
285,933,436,29,1.61678e-06,0.004,0.002716,1.00654
286,913,446,29,1.65403e-06,0.002,0.002684,1.0067
287,824,11,24,1.07288e-06,0.003,0.002462,1.00291
288,112,648,30,1.20327e-06,0.004,0.002951,1.05951
289,417,995,30,1.84961e-06,0.003,0.002795,1.01669
290,713,33,25,1.84774e-06,0.002,0.002525,1.00492
291,674,909,30,1.68942e-06,0.003,0.002642,1.01016
292,853,321,29,1.18837e-06,0.002,0.002719,1.00679
293,601,167,28,1.22935e-06,0.003,0.002641,1.00855
294,757,117,27,1.71363e-06,0.003,0.002654,1.00631
295,654,434,29,1.60933e-06,0.003,0.002618,1.00933
296,116,114,27,1.66893e-06,0.002,0.002801,1.04167
297,882,991,30,1.84216e-06,0.002,0.002714,1.00785
298,671,313,29,1.15857e-06,0.004,0.002737,1.0086
299,471,693,30,1.28709e-06,0.002,0.002688,1.01398
300,136,57,26,1.63913e-06,0.003,0.002649,1.03017
301,536,117,27,1.71363e-06,0.003,0.002689,1.00892
302,273,292,29,1.08033e-06,0.002,0.002756,1.02101
303,220,89,27,1.2964e-06,0.002,0.002693,1.02061
304,193,802,30,1.49012e-06,0.004,0.00287,1.03526
305,906,12,24,1.19209e-06,0.002,0.002422,1.00275
306,623,315,29,1.16602e-06,0.002,0.002748,1.00928
307,646,565,30,1.04867e-06,0.003,0.002779,1.00986
308,816,813,30,1.51061e-06,0.003,0.002738,1.00825
309,865,947,30,1.7602e-06,0.003,0.002677,1.00796
310,744,796,30,1.47894e-06,0.003,0.002704,1.00902
311,248,914,30,1.69873e-06,0.002,0.002795,1.02787
312,867,372,29,1.37836e-06,0.003,0.002691,1.00685
313,385,249,28,1.84029e-06,0.003,0.002819,1.01443
314,97,328,29,1.21444e-06,0.002,0.002967,1.06154
315,487,672,30,1.24797e-06,0.003,0.002811,1.01346
316,624,51,26,1.46031e-06,0.003,0.002565,1.00632
317,529,745,30,1.38395e-06,0.002,0.002723,1.01258
318,901,409,29,1.51619e-06,0.004,0.002799,1.0067
319,935,998,30,1.85519e-06,0.004,0.002731,1.00741
320,563,350,29,1.2964e-06,0.002,0.002735,1.01046
321,980,987,30,1.83471e-06,0.003,0.002648,1.00706
322,319,734,30,1.36346e-06,0.003,0.002813,1.0209
323,142,628,30,1.16602e-06,0.002,0.00288,1.04642
324,990,857,30,1.59256e-06,0.003,0.002768,1.00685
325,794,630,30,1.16974e-06,0.003,0.002852,1.00815
326,243,491,29,1.82167e-06,0.002,0.002783,1.02583
327,526,709,30,1.31689e-06,0.003,0.002796,1.01256
328,12,540,30,1.0021e-06,0.003,0.002993,1.68927
329,273,629,30,1.16788e-06,0.002,0.002807,1.02389
330,664,621,30,1.15298e-06,0.003,0.002719,1.00973
331,939,937,30,1.74157e-06,0.004,0.002747,1.00731
332,831,863,30,1.60374e-06,0.003,0.002772,1.00817
333,124,973,30,1.80863e-06,0.004,0.002939,1.05706
334,454,147,28,1.08033e-06,0.003,0.002699,1.01105
335,142,273,29,1.00955e-06,0.002,0.002819,1.04029
336,288,225,28,1.66148e-06,0.003,0.002726,1.01898
337,983,249,28,1.84029e-06,0.002,0.00266,1.00563
338,639,721,30,1.33924e-06,0.003,0.002778,1.01035
339,258,598,30,1.11014e-06,0.004,0.002864,1.02509
340,804,375,29,1.38953e-06,0.003,0.002623,1.0074
341,324,404,29,1.49757e-06,0.002,0.002847,1.01869
342,821,721,30,1.33924e-06,0.003,0.002795,1.00805
343,307,320,29,1.18464e-06,0.003,0.002802,1.01897
344,484,107,27,1.56462e-06,0.003,0.002693,1.0097
345,137,849,30,1.57766e-06,0.004,0.002738,1.05046
346,789,27,25,1.49012e-06,0.003,0.002541,1.00419
347,659,879,30,1.63354e-06,0.002,0.002816,1.01034
348,724,513,29,1.90362e-06,0.003,0.002599,1.00866
349,278,542,30,1.00583e-06,0.002,0.002871,1.0229
350,991,810,30,1.50502e-06,0.002,0.002768,1.00678
351,950,739,30,1.37277e-06,0.003,0.002803,1.00698
352,602,967,30,1.79745e-06,0.002,0.002841,1.01148
353,244,621,30,1.15298e-06,0.003,0.002819,1.02671
354,84,480,29,1.78069e-06,0.003,0.002908,1.07627
355,997,709,30,1.31689e-06,0.002,0.002788,1.0066
356,971,371,29,1.37463e-06,0.002,0.002632,1.00611
358,844,585,30,1.08592e-06,0.003,0.002778,1.00758
359,870,679,30,1.26101e-06,0.002,0.002784,1.00752
360,703,266,28,1.96695e-06,0.002,0.002564,1.00797
361,446,553,30,1.02632e-06,0.004,0.002748,1.01426
362,278,757,30,1.4063e-06,0.003,0.002917,1.02413
363,457,891,30,1.65589e-06,0.003,0.00281,1.01497
364,999,242,28,1.78814e-06,0.003,0.002688,1.00551
365,218,667,30,1.23866e-06,0.003,0.002857,1.03028
366,790,101,27,1.47521e-06,0.002,0.002487,1.00586
367,329,262,28,1.93715e-06,0.004,0.002709,1.01707
368,60,124,27,1.81794e-06,0.003,0.002783,1.08365
369,677,309,29,1.14366e-06,0.002,0.002701,1.0085
370,885,17,24,1.78814e-06,0.003,0.002482,1.00321
371,411,400,29,1.48267e-06,0.003,0.002837,1.01469
372,100,934,30,1.73599e-06,0.003,0.002806,1.07079
373,203,128,27,1.87755e-06,0.003,0.002836,1.02419
374,39,587,30,1.08965e-06,0.002,0.0029,1.17758
375,954,348,29,1.28895e-06,0.002,0.002738,1.00615
376,748,674,30,1.2517e-06,0.003,0.002715,1.00874
377,873,436,29,1.61678e-06,0.003,0.002654,1.00699
378,592,23,25,1.2517e-06,0.002,0.002524,1.00531
379,570,716,30,1.32993e-06,0.003,0.002793,1.0116
380,60,891,30,1.65589e-06,0.002,0.002855,1.11986
381,888,57,26,1.63913e-06,0.002,0.002733,1.00456
382,850,542,30,1.00583e-06,0.003,0.002744,1.00743
383,724,485,29,1.79932e-06,0.003,0.002678,1.00858
384,541,33,25,1.84774e-06,0.003,0.002469,1.00648
385,495,784,30,1.45659e-06,0.003,0.00281,1.01355
386,344,323,29,1.19582e-06,0.002,0.002773,1.01694
387,699,386,29,1.43051e-06,0.003,0.002709,1.00856
388,811,863,30,1.60374e-06,0.003,0.002789,1.00837
389,11,435,29,1.61305e-06,0.002,0.002901,1.73725
390,400,191,28,1.40816e-06,0.002,0.002628,1.01322
391,219,458,29,1.69873e-06,0.004,0.002802,1.02837
392,415,397,29,1.47149e-06,0.003,0.002797,1.01452
393,655,115,27,1.68383e-06,0.003,0.002586,1.00727
394,762,848,30,1.5758e-06,0.003,0.002805,1.00889
395,20,720,30,1.33738e-06,0.002,0.002877,1.38953
396,605,409,29,1.51619e-06,0.003,0.002779,1.00999
397,884,877,30,1.62981e-06,0.003,0.002799,1.0077
398,8,419,29,1.55345e-06,0.002,0.00291,2.12705
399,783,19,25,1.01328e-06,0.003,0.002538,1.00377
400,287,993,30,1.84588e-06,0.004,0.002811,1.02434
401,736,178,28,1.3113e-06,0.002,0.002615,1.00707
402,702,477,29,1.76951e-06,0.002,0.002837,1.00882
403,82,826,30,1.53482e-06,0.004,0.002891,1.08536
404,284,381,29,1.41189e-06,0.002,0.002738,1.02115
405,566,544,30,1.00955e-06,0.003,0.00275,1.01119
406,589,782,30,1.45286e-06,0.003,0.002759,1.01138
407,572,213,28,1.57207e-06,0.002,0.002631,1.00942
408,348,4,21,1.90735e-06,0.003,0.002426,1.00399
409,854,439,29,1.62795e-06,0.003,0.002698,1.00715
410,983,835,30,1.55158e-06,0.002,0.00277,1.00687
411,162,844,30,1.56835e-06,0.002,0.002991,1.04247
412,513,323,29,1.19582e-06,0.003,0.002733,1.01133
413,937,154,28,1.13249e-06,0.002,0.002652,1.00539
414,19,42,26,1.19209e-06,0.003,0.002737,1.2174
415,720,409,29,1.51619e-06,0.004,0.002801,1.00839
416,379,777,30,1.44355e-06,0.003,0.002698,1.01772
417,369,551,30,1.02259e-06,0.002,0.002792,1.01725
418,287,850,30,1.57952e-06,0.003,0.002793,1.02378
419,712,914,30,1.69873e-06,0.002,0.002812,1.00962
420,265,25,25,1.37091e-06,0.003,0.002681,1.01222
421,917,538,29,1.99676e-06,0.003,0.002765,1.00688
422,184,496,29,1.84029e-06,0.004,0.002822,1.03431
423,467,17,24,1.78814e-06,0.003,0.002476,1.00609
424,87,260,28,1.92225e-06,0.002,0.002741,1.066
425,629,983,30,1.82725e-06,0.003,0.002696,1.01102
426,184,521,29,1.93343e-06,0.002,0.0028,1.03458
427,662,875,30,1.62609e-06,0.003,0.002728,1.01029
428,130,363,29,1.34483e-06,0.004,0.002709,1.04639
429,30,958,30,1.78069e-06,0.003,0.002923,1.25713
430,924,869,30,1.61491e-06,0.003,0.002684,1.00735
431,160,405,29,1.50129e-06,0.004,0.002718,1.03824
432,973,882,30,1.63913e-06,0.003,0.002637,1.00699
433,713,960,30,1.78441e-06,0.002,0.002738,1.00968
434,842,337,29,1.24797e-06,0.003,0.00276,1.00694
435,66,158,28,1.16229e-06,0.002,0.002716,1.07972
436,365,105,27,1.53482e-06,0.002,0.002639,1.01283
437,717,140,28,1.02818e-06,0.004,0.002724,1.00692
438,850,62,26,1.78814e-06,0.002,0.002617,1.00487
439,642,488,29,1.81049e-06,0.003,0.00273,1.00969
440,334,204,28,1.50502e-06,0.003,0.002762,1.01605
441,920,383,29,1.41934e-06,0.003,0.00265,1.00649
442,790,370,29,1.37091e-06,0.003,0.002651,1.00751
443,65,181,28,1.33365e-06,0.004,0.002879,1.08326
444,480,991,30,1.84216e-06,0.002,0.002737,1.01448
445,87,926,30,1.72108e-06,0.003,0.002933,1.08168
446,634,151,28,1.11014e-06,0.002,0.002667,1.00794
447,440,431,29,1.59815e-06,0.003,0.002695,1.01388
448,90,267,28,1.9744e-06,0.003,0.002839,1.06405
449,549,320,29,1.18464e-06,0.002,0.002836,1.01056
450,317,968,30,1.79932e-06,0.004,0.002718,1.02193
451,747,275,29,1.017e-06,0.003,0.002638,1.00755
452,510,227,28,1.67638e-06,0.002,0.00266,1.01069
453,583,199,28,1.46776e-06,0.003,0.002743,1.00912
454,827,963,30,1.79e-06,0.003,0.00271,1.00834
455,176,16,24,1.66893e-06,0.002,0.002515,1.01588
456,807,592,30,1.09896e-06,0.004,0.002897,1.00794
457,754,500,29,1.85519e-06,0.002,0.002645,1.00828
458,698,106,27,1.54972e-06,0.002,0.002612,1.0067
459,592,473,29,1.75461e-06,0.003,0.00273,1.01046
460,850,71,27,1.02818e-06,0.002,0.002681,1.00503
461,92,386,29,1.43051e-06,0.003,0.002813,1.06688
462,296,487,29,1.80677e-06,0.004,0.002737,1.02113
463,371,93,27,1.35601e-06,0.003,0.002703,1.01229
464,132,283,29,1.04681e-06,0.004,0.002851,1.0437
465,432,941,30,1.74902e-06,0.002,0.002765,1.01598
466,582,139,28,1.02073e-06,0.003,0.002566,1.00851
467,323,156,28,1.14739e-06,0.004,0.002743,1.01576
468,914,826,30,1.53482e-06,0.003,0.002776,1.00738
469,174,189,28,1.39326e-06,0.003,0.002729,1.03058
470,735,924,30,1.71736e-06,0.003,0.002664,1.00933
471,423,36,26,1.01328e-06,0.002,0.00269,1.00851
472,93,704,30,1.30758e-06,0.004,0.002889,1.07305
473,728,636,30,1.18092e-06,0.004,0.002753,1.00891
474,682,845,30,1.57021e-06,0.002,0.002752,1.00993
475,788,492,29,1.82539e-06,0.003,0.002648,1.0079
476,188,359,29,1.32993e-06,0.002,0.002769,1.03179
477,205,310,29,1.14739e-06,0.003,0.002818,1.02838
478,537,555,30,1.03004e-06,0.004,0.002828,1.01184
479,756,166,28,1.2219e-06,0.004,0.002607,1.00678
480,136,359,29,1.32993e-06,0.003,0.002791,1.04421
481,357,788,30,1.46404e-06,0.004,0.002869,1.01886
482,432,33,25,1.84774e-06,0.003,0.002563,1.00813
483,945,658,30,1.2219e-06,0.002,0.002857,1.00689
484,841,357,29,1.32248e-06,0.003,0.002665,1.00701
485,987,105,27,1.53482e-06,0.003,0.002567,1.00473
486,566,294,29,1.08778e-06,0.002,0.002772,1.01009
487,688,780,30,1.44914e-06,0.003,0.002764,1.00973
488,967,355,29,1.31503e-06,0.002,0.002627,1.00609
489,80,439,29,1.62795e-06,0.004,0.002814,1.07902
490,387,455,29,1.68756e-06,0.003,0.00265,1.01594
491,860,714,30,1.3262e-06,0.002,0.002705,1.00767
492,35,195,28,1.43796e-06,0.003,0.00289,1.1626
493,911,878,30,1.63168e-06,0.002,0.002708,1.00747
494,312,771,30,1.43237e-06,0.002,0.002823,1.02154
495,379,554,30,1.02818e-06,0.004,0.002858,1.01681
496,547,203,28,1.49757e-06,0.003,0.002664,1.00976
497,819,135,27,1.98185e-06,0.004,0.002561,1.00601
498,596,988,30,1.83657e-06,0.004,0.002696,1.01164
499,222,123,27,1.80304e-06,0.003,0.002614,1.02191
500,349,854,30,1.58697e-06,0.004,0.002799,1.01953
501,381,281,29,1.03936e-06,0.004,0.00278,1.01491
502,999,141,28,1.03563e-06,0.002,0.002725,1.00497
503,183,881,30,1.63727e-06,0.003,0.002872,1.03775
504,714,342,29,1.2666e-06,0.002,0.002791,1.00821
505,984,158,28,1.16229e-06,0.003,0.002688,1.00516
506,928,17,24,1.78814e-06,0.003,0.002493,1.00306
507,616,652,30,1.21072e-06,0.002,0.002753,1.01058
508,357,316,29,1.16974e-06,0.003,0.002711,1.01625
509,919,574,30,1.06543e-06,0.002,0.002703,1.00694
510,292,937,30,1.74157e-06,0.003,0.002661,1.02371
511,984,290,29,1.07288e-06,0.003,0.002823,1.00578
512,704,257,28,1.8999e-06,0.002,0.00265,1.00791
513,648,63,26,1.81794e-06,0.002,0.002548,1.00641
514,993,115,27,1.68383e-06,0.004,0.002644,1.00479
515,69,919,30,1.70805e-06,0.004,0.002987,1.10394
516,41,298,29,1.10269e-06,0.003,0.002822,1.14907
517,632,260,28,1.92225e-06,0.003,0.002662,1.00884
518,781,943,30,1.75275e-06,0.003,0.002765,1.00881
519,755,494,29,1.83284e-06,0.002,0.002696,1.00825
520,818,218,28,1.60933e-06,0.004,0.002639,1.0066
521,949,52,26,1.49012e-06,0.003,0.002517,1.00417
522,420,854,30,1.58697e-06,0.002,0.002738,1.0162
523,300,774,30,1.43796e-06,0.003,0.002815,1.02242
524,865,481,29,1.78441e-06,0.003,0.002687,1.00717
525,734,593,30,1.10082e-06,0.003,0.002644,1.00874
526,185,721,30,1.33924e-06,0.003,0.002931,1.03621
527,624,456,29,1.69128e-06,0.004,0.00277,1.00986
528,954,442,29,1.63913e-06,0.002,0.002744,1.0064
529,289,384,29,1.42306e-06,0.003,0.002811,1.0208
530,922,515,29,1.91107e-06,0.003,0.002793,1.00679
531,729,836,30,1.55345e-06,0.002,0.002699,1.00927
532,340,544,30,1.00955e-06,0.004,0.002741,1.0187
533,924,923,30,1.7155e-06,0.004,0.002715,1.00742
534,780,972,30,1.80677e-06,0.003,0.002808,1.00886
535,777,434,29,1.60933e-06,0.002,0.002645,1.00785
536,664,399,29,1.47894e-06,0.003,0.002675,1.00906
537,614,853,30,1.58511e-06,0.002,0.002675,1.01105
538,943,452,29,1.67638e-06,0.002,0.002679,1.0065
539,483,939,30,1.7453e-06,0.004,0.002798,1.01427
540,431,689,30,1.27964e-06,0.003,0.002716,1.01528
541,235,352,29,1.30385e-06,0.004,0.002791,1.02527
542,888,362,29,1.3411e-06,0.004,0.002666,1.00666
543,581,329,29,1.21817e-06,0.003,0.002849,1.01003
544,386,918,30,1.70618e-06,0.004,0.002767,1.01783
545,233,822,30,1.52737e-06,0.004,0.002835,1.02922
546,441,398,29,1.47521e-06,0.002,0.002657,1.01367
547,797,915,30,1.7006e-06,0.003,0.002734,1.00859
548,292,719,30,1.33552e-06,0.003,0.002877,1.02278
549,53,506,29,1.87755e-06,0.002,0.002876,1.12466
550,71,494,29,1.83284e-06,0.002,0.002848,1.09129
551,546,778,30,1.44541e-06,0.003,0.002849,1.01227
552,261,230,28,1.69873e-06,0.003,0.002718,1.02105
553,199,238,28,1.75834e-06,0.003,0.002825,1.02788
554,437,652,30,1.21072e-06,0.003,0.002762,1.01494
555,670,272,29,1.00583e-06,0.003,0.002759,1.0084
556,277,135,27,1.98185e-06,0.002,0.002665,1.01787
557,614,635,30,1.17905e-06,0.003,0.002753,1.01057
558,972,265,28,1.9595e-06,0.004,0.002615,1.00576
559,713,336,29,1.24425e-06,0.003,0.002694,1.00819
560,764,112,27,1.63913e-06,0.003,0.002646,1.0062
561,421,704,30,1.30758e-06,0.003,0.002654,1.0157
562,570,116,27,1.69873e-06,0.002,0.002621,1.00837
563,300,278,29,1.02818e-06,0.004,0.002725,1.01894
564,424,1000,30,1.85892e-06,0.002,0.002764,1.01642
565,309,534,29,1.98185e-06,0.002,0.002743,1.02053
566,331,807,30,1.49943e-06,0.003,0.002731,1.02043
567,670,312,29,1.15484e-06,0.002,0.002719,1.00861
568,640,821,30,1.52551e-06,0.004,0.002764,1.01054
569,411,924,30,1.71736e-06,0.004,0.002727,1.01675
570,424,455,29,1.68756e-06,0.002,0.002728,1.01454
571,540,622,30,1.15484e-06,0.003,0.002915,1.01198
572,883,889,30,1.65217e-06,0.003,0.002804,1.00772
573,469,385,29,1.42679e-06,0.002,0.002656,1.01277
574,327,722,30,1.3411e-06,0.003,0.002769,1.02033
575,583,482,29,1.78814e-06,0.003,0.002678,1.01065
576,584,801,30,1.48825e-06,0.003,0.002731,1.01151
577,696,633,30,1.17533e-06,0.003,0.002663,1.00931
578,426,160,28,1.17719e-06,0.002,0.00272,1.01198
579,594,448,29,1.66148e-06,0.002,0.00265,1.01033
580,577,240,28,1.77324e-06,0.003,0.00274,1.00954
581,710,847,30,1.57394e-06,0.002,0.002711,1.00954
582,838,953,30,1.77138e-06,0.004,0.002691,1.00822
583,357,515,29,1.91107e-06,0.004,0.002896,1.01764
584,471,900,30,1.67266e-06,0.003,0.002902,1.01455
585,792,859,30,1.59629e-06,0.004,0.00296,1.00857
586,582,508,29,1.885e-06,0.003,0.002884,1.01076
587,488,286,29,1.05798e-06,0.004,0.003011,1.01166
588,380,443,29,1.64285e-06,0.004,0.002997,1.01616
589,77,882,30,1.63913e-06,0.004,0.002971,1.09208
590,740,534,29,1.98185e-06,0.004,0.002951,1.00852
591,582,800,30,1.48639e-06,0.004,0.003066,1.01155
592,307,535,29,1.98558e-06,0.003,0.003138,1.02067
593,931,358,29,1.3262e-06,0.003,0.002996,1.00634
594,200,592,30,1.09896e-06,0.004,0.00315,1.03243
595,714,797,30,1.4808e-06,0.003,0.002884,1.0094
596,433,517,29,1.91852e-06,0.004,0.002893,1.01453
597,800,914,30,1.69873e-06,0.003,0.003108,1.00856
598,203,983,30,1.82725e-06,0.003,0.003055,1.03453
599,496,786,30,1.46031e-06,0.003,0.00307,1.01353
600,658,507,29,1.88127e-06,0.003,0.002815,1.00951
601,507,789,30,1.4659e-06,0.004,0.003072,1.01324
602,408,775,30,1.43982e-06,0.004,0.002968,1.01644
603,603,613,30,1.13808e-06,0.002,0.003031,1.0107
604,286,651,30,1.20886e-06,0.004,0.003194,1.02291
605,101,452,29,1.67638e-06,0.004,0.003007,1.0624
606,15,520,29,1.9297e-06,0.003,0.003014,1.51728
607,783,76,27,1.10269e-06,0.003,0.002806,1.00555
608,777,212,28,1.56462e-06,0.004,0.00302,1.00692
609,959,984,30,1.82912e-06,0.01,0.005065,1.00721
610,458,749,30,1.3914e-06,0.004,0.003442,1.01456
611,379,397,29,1.47149e-06,0.012,0.003104,1.01591
612,901,844,30,1.56835e-06,0.003,0.003032,1.00751
613,100,748,30,1.38953e-06,0.003,0.002855,1.06841
614,389,225,28,1.66148e-06,0.002,0.002756,1.01402
615,830,27,25,1.49012e-06,0.002,0.002553,1.00398
616,174,909,30,1.68942e-06,0.003,0.002982,1.03993
617,668,582,30,1.08033e-06,0.003,0.002806,1.00958
618,867,658,30,1.2219e-06,0.002,0.002663,1.00751
619,971,485,29,1.79932e-06,0.002,0.00285,1.00639
620,31,346,29,1.2815e-06,0.003,0.002793,1.20755
621,489,749,30,1.3914e-06,0.003,0.0029,1.01363
622,318,180,28,1.3262e-06,0.003,0.002765,1.01646
623,434,428,29,1.58697e-06,0.011,0.011389,1.01406
624,694,794,30,1.47521e-06,0.003,0.003101,1.00967
625,171,720,30,1.33738e-06,0.003,0.003014,1.03922
626,406,509,29,1.88872e-06,0.002,0.002913,1.01547
627,121,289,29,1.06916e-06,0.003,0.003019,1.04794
628,941,439,29,1.62795e-06,0.003,0.002953,1.00649
629,936,756,30,1.40443e-06,0.002,0.002954,1.00711
630,423,667,30,1.23866e-06,0.003,0.002979,1.01549
631,744,44,26,1.2517e-06,0.003,0.002805,1.0051
632,844,854,30,1.58697e-06,0.002,0.00284,1.00803
633,910,103,27,1.50502e-06,0.004,0.002832,1.00511
634,5,710,30,1.31875e-06,0.004,0.003264,3.71751
635,562,683,30,1.26846e-06,0.003,0.002877,1.01168
636,26,37,26,1.04308e-06,0.004,0.002924,1.14899
637,576,518,29,1.92225e-06,0.003,0.003001,1.01091
638,511,593,30,1.10082e-06,0.003,0.002953,1.01257
639,205,934,30,1.73599e-06,0.004,0.003149,1.03393
640,315,1000,30,1.85892e-06,0.004,0.003107,1.02217
641,709,435,29,1.61305e-06,0.004,0.002931,1.00861
642,987,767,30,1.42492e-06,0.003,0.002926,1.00675
643,372,84,27,1.2219e-06,0.004,0.003042,1.01198
644,154,580,30,1.07661e-06,0.004,0.003064,1.04218
645,406,42,26,1.19209e-06,0.003,0.002768,1.00925
646,332,963,30,1.79e-06,0.004,0.003025,1.02091
647,76,951,30,1.76765e-06,0.004,0.003162,1.09443
648,948,929,30,1.72667e-06,0.003,0.002989,1.00724
649,297,821,30,1.52551e-06,0.004,0.002971,1.02285
650,439,654,30,1.21444e-06,0.004,0.002864,1.01488
651,290,841,30,1.56276e-06,0.003,0.002964,1.02349
652,9,623,30,1.1567e-06,0.003,0.003232,2.04408
653,889,411,29,1.52364e-06,0.004,0.002821,1.00679
654,332,525,29,1.94833e-06,0.003,0.002902,1.01904
655,696,42,26,1.19209e-06,0.004,0.002783,1.00538
656,449,377,29,1.39698e-06,0.003,0.002867,1.0133
657,113,970,30,1.80304e-06,0.004,0.003125,1.06275
658,593,261,28,1.9297e-06,0.003,0.002739,1.00943
659,461,591,30,1.0971e-06,0.004,0.002932,1.01394
660,664,411,29,1.52364e-06,0.003,0.002845,1.00911
661,973,674,30,1.2517e-06,0.004,0.002927,1.00672
662,375,168,28,1.2368e-06,0.003,0.002933,1.01376
663,242,18,24,1.90735e-06,0.004,0.002744,1.01202
664,617,636,30,1.18092e-06,0.003,0.002853,1.01052
665,322,534,29,1.98185e-06,0.004,0.002893,1.0197
666,58,807,30,1.49943e-06,0.003,0.00317,1.12232
667,669,81,27,1.17719e-06,0.003,0.00285,1.00659
668,150,427,29,1.58325e-06,0.004,0.003053,1.0412
669,612,53,26,1.51992e-06,0.003,0.002856,1.00651
670,573,961,30,1.78628e-06,0.003,0.00295,1.01206
671,471,586,30,1.08778e-06,0.004,0.003008,1.01362
672,364,199,28,1.46776e-06,0.003,0.00284,1.01465
673,345,575,30,1.0673e-06,0.004,0.002983,1.01859
674,285,242,28,1.78814e-06,0.002,0.002919,1.01945
675,304,149,28,1.09524e-06,0.003,0.003007,1.0166
676,501,352,29,1.30385e-06,0.002,0.002945,1.01177
677,257,952,30,1.76951e-06,0.003,0.003126,1.02705
678,72,299,29,1.10641e-06,0.003,0.003086,1.08239
679,93,314,29,1.16229e-06,0.003,0.003119,1.06377
680,111,209,28,1.54227e-06,0.004,0.002935,1.04931
681,338,815,30,1.51433e-06,0.004,0.003042,1.02003
682,511,881,30,1.63727e-06,0.004,0.002895,1.01336
683,846,63,26,1.81794e-06,0.003,0.00273,1.00491
684,3,367,29,1.35973e-06,0.004,0.00317,7.1596
685,281,238,28,1.75834e-06,0.004,0.002933,1.01966
686,14,424,29,1.57207e-06,0.003,0.002995,1.54053
687,959,628,30,1.16602e-06,0.004,0.003117,1.00674
688,155,850,30,1.57952e-06,0.004,0.003008,1.04448
689,693,43,26,1.2219e-06,0.003,0.002605,1.00544
690,971,273,29,1.00955e-06,0.003,0.002921,1.00579
691,470,69,26,1.99676e-06,0.003,0.002731,1.00905
692,774,605,30,1.12318e-06,0.002,0.003018,1.00831
693,100,745,30,1.38395e-06,0.003,0.003065,1.06837
694,888,214,28,1.57952e-06,0.002,0.003001,1.00606
695,792,636,30,1.18092e-06,0.003,0.002912,1.00818
696,72,836,30,1.55345e-06,0.002,0.003028,1.09796
697,464,806,30,1.49757e-06,0.003,0.003075,1.01453
699,517,658,30,1.2219e-06,0.004,0.003118,1.01263
700,747,211,28,1.55717e-06,0.003,0.002909,1.00719
701,433,617,30,1.14553e-06,0.004,0.00294,1.01495
702,505,469,29,1.73971e-06,0.004,0.00298,1.01225
703,139,119,27,1.74344e-06,0.003,0.002911,1.03498
704,320,852,30,1.58325e-06,0.004,0.002942,1.02131
705,952,914,30,1.69873e-06,0.003,0.002982,1.00719
706,496,75,27,1.08778e-06,0.004,0.002874,1.00874
707,680,399,29,1.47894e-06,0.003,0.002889,1.00885
708,688,73,27,1.05798e-06,0.004,0.002803,1.00626
709,831,499,29,1.85147e-06,0.003,0.002857,1.0075
710,552,43,26,1.2219e-06,0.003,0.002804,1.00684
711,766,837,30,1.55531e-06,0.004,0.002945,1.00882
712,962,843,30,1.56648e-06,0.002,0.002935,1.00703
713,334,255,28,1.885e-06,0.003,0.002911,1.01673
714,912,596,30,1.10641e-06,0.002,0.00286,1.00703
715,716,487,29,1.80677e-06,0.003,0.002772,1.00868
716,898,521,29,1.93343e-06,0.002,0.002893,1.00699
717,886,385,29,1.42679e-06,0.003,0.002887,1.00674
718,628,476,29,1.76579e-06,0.003,0.00293,1.00987
719,974,650,30,1.20699e-06,0.004,0.002963,1.00667
720,312,447,29,1.65775e-06,0.003,0.002894,1.01975
721,55,247,28,1.82539e-06,0.004,0.002982,1.10536
722,628,660,30,1.22562e-06,0.003,0.002902,1.01039
723,186,559,30,1.03749e-06,0.004,0.003159,1.0346
724,422,657,30,1.22003e-06,0.003,0.002945,1.01549
725,447,321,29,1.18837e-06,0.004,0.002966,1.013
726,145,808,30,1.50129e-06,0.003,0.002999,1.04725
727,998,460,29,1.70618e-06,0.002,0.002917,1.00616
728,695,882,30,1.63913e-06,0.003,0.002895,1.00981
729,958,227,28,1.67638e-06,0.002,0.002842,1.00568
730,417,558,30,1.03563e-06,0.003,0.003083,1.01528
731,880,385,29,1.42679e-06,0.002,0.002883,1.00679
732,49,100,27,1.46031e-06,0.003,0.002921,1.09854
733,44,256,28,1.89245e-06,0.002,0.00294,1.13431
734,443,913,30,1.69687e-06,0.003,0.00298,1.01551
735,270,848,30,1.5758e-06,0.003,0.003023,1.02529
736,64,481,29,1.78441e-06,0.004,0.002969,1.10131
737,354,74,27,1.07288e-06,0.003,0.002886,1.01223
738,695,547,30,1.01514e-06,0.003,0.002909,1.00911
739,315,44,26,1.2517e-06,0.004,0.002749,1.01209
740,128,910,30,1.69128e-06,0.003,0.002994,1.05467
741,248,838,30,1.55717e-06,0.004,0.003057,1.02751
742,86,102,27,1.49012e-06,0.003,0.002957,1.05525
743,481,994,30,1.84774e-06,0.003,0.003027,1.01445
744,998,674,30,1.2517e-06,0.003,0.002859,1.00655
745,877,646,30,1.19954e-06,0.002,0.002991,1.00741
746,675,196,28,1.44541e-06,0.003,0.003062,1.00785
747,620,519,29,1.92598e-06,0.002,0.002951,1.01014
748,229,862,30,1.60187e-06,0.003,0.003087,1.02996
749,142,800,30,1.48639e-06,0.003,0.002929,1.0482
750,256,53,26,1.51992e-06,0.002,0.002919,1.01563
751,563,808,30,1.50129e-06,0.002,0.002894,1.01196
752,303,393,29,1.45659e-06,0.003,0.003038,1.01991
754,972,604,30,1.12131e-06,0.003,0.002987,1.00661
755,595,699,30,1.29826e-06,0.003,0.002947,1.01107
756,536,645,30,1.19768e-06,0.002,0.003003,1.01214
757,642,885,30,1.64472e-06,0.003,0.002929,1.01063
758,382,66,26,1.90735e-06,0.002,0.002811,1.01103
759,975,671,30,1.24611e-06,0.003,0.002962,1.0067
760,80,668,30,1.24052e-06,0.003,0.003154,1.0847
761,501,154,28,1.13249e-06,0.002,0.002739,1.0101
762,554,663,30,1.23121e-06,0.002,0.002824,1.0118
763,710,296,29,1.09524e-06,0.004,0.002932,1.00805
764,143,76,27,1.10269e-06,0.003,0.002884,1.03075
765,414,423,29,1.56835e-06,0.004,0.002897,1.01472
766,124,664,30,1.23307e-06,0.003,0.003059,1.0538
767,648,729,30,1.35414e-06,0.003,0.002994,1.01022
768,186,586,30,1.08778e-06,0.004,0.002985,1.03486
769,133,175,28,1.28895e-06,0.003,0.002923,1.0396
770,728,977,30,1.81608e-06,0.004,0.002866,1.0095
771,574,368,29,1.36346e-06,0.003,0.002969,1.01035
772,566,987,30,1.83471e-06,0.004,0.002969,1.01226
773,167,704,30,1.30758e-06,0.003,0.003279,1.04004
774,581,229,28,1.69128e-06,0.002,0.002887,1.0094
775,149,420,29,1.55717e-06,0.003,0.003089,1.04137
776,608,998,30,1.85519e-06,0.002,0.002899,1.01142
777,886,977,30,1.81608e-06,0.003,0.002987,1.0078
778,218,76,27,1.10269e-06,0.004,0.002942,1.02006
779,42,611,30,1.13435e-06,0.003,0.003208,1.16502
780,125,264,28,1.95205e-06,0.003,0.002968,1.04562
781,354,747,30,1.38767e-06,0.004,0.003061,1.01886
782,734,533,29,1.97813e-06,0.003,0.002867,1.00859
783,653,515,29,1.91107e-06,0.004,0.002901,1.00961
784,329,790,30,1.46776e-06,0.003,0.003006,1.02049
785,77,230,28,1.69873e-06,0.004,0.003018,1.07318
786,745,668,30,1.24052e-06,0.003,0.002882,1.00877
787,439,23,25,1.2517e-06,0.003,0.002675,1.00717
788,912,299,29,1.10641e-06,0.003,0.002925,1.00627
789,303,541,30,1.00397e-06,0.003,0.00296,1.02099
790,933,632,30,1.17347e-06,0.002,0.002927,1.00694
791,174,153,28,1.12504e-06,0.003,0.003038,1.02933
792,97,101,27,1.47521e-06,0.002,0.002976,1.04873
793,244,985,30,1.83098e-06,0.003,0.002991,1.02865
794,686,44,26,1.2517e-06,0.003,0.002669,1.00553
796,670,56,26,1.60933e-06,0.004,0.002769,1.00603
797,722,642,30,1.19209e-06,0.003,0.002963,1.00899
798,961,75,27,1.08778e-06,0.004,0.002821,1.0045
799,949,513,29,1.90362e-06,0.003,0.002885,1.0066
800,543,230,28,1.69873e-06,0.004,0.002899,1.01007
801,915,825,30,1.53296e-06,0.003,0.002938,1.00737
802,366,191,28,1.40816e-06,0.003,0.002872,1.01445
803,488,4,21,1.90735e-06,0.003,0.002575,1.00284
804,651,268,28,1.98185e-06,0.004,0.002763,1.00863
805,810,147,28,1.08033e-06,0.003,0.002952,1.00618
806,177,774,30,1.43796e-06,0.004,0.003033,1.0383
807,123,437,29,1.6205e-06,0.003,0.003006,1.05067
808,330,679,30,1.26101e-06,0.004,0.003018,1.01996
809,219,81,27,1.17719e-06,0.003,0.002861,1.02027
810,638,441,29,1.6354e-06,0.002,0.002977,1.00959
811,635,64,26,1.84774e-06,0.003,0.002696,1.00657
812,120,801,30,1.48825e-06,0.003,0.003077,1.0573
813,166,40,26,1.13249e-06,0.003,0.002868,1.02247
814,548,102,27,1.49012e-06,0.002,0.002775,1.00848
815,995,43,26,1.2219e-06,0.002,0.002693,1.00379
816,351,963,30,1.79e-06,0.004,0.002944,1.01977
817,104,283,29,1.04681e-06,0.003,0.002937,1.05578
818,835,473,29,1.75461e-06,0.004,0.002827,1.0074
819,109,638,30,1.18464e-06,0.004,0.003146,1.06104
820,836,908,30,1.68756e-06,0.003,0.002988,1.00818
821,699,881,30,1.63727e-06,0.003,0.002887,1.00975
822,324,258,28,1.90735e-06,0.002,0.002956,1.01729
823,654,339,29,1.25542e-06,0.003,0.00296,1.00895
824,464,607,30,1.1269e-06,0.002,0.002959,1.01391
825,159,237,28,1.75089e-06,0.003,0.002939,1.03499
826,10,616,30,1.14366e-06,0.003,0.003145,1.90089
827,524,105,27,1.53482e-06,0.002,0.002802,1.00892
828,535,9,23,1.66893e-06,0.003,0.002627,1.00411
829,681,956,30,1.77696e-06,0.004,0.002992,1.01013
830,124,192,28,1.41561e-06,0.003,0.003039,1.04331
831,220,718,30,1.33365e-06,0.004,0.003109,1.03034
832,755,212,28,1.56462e-06,0.004,0.002854,1.00712
833,299,120,27,1.75834e-06,0.004,0.002893,1.01614
834,563,711,30,1.32062e-06,0.004,0.002921,1.01173
835,57,369,29,1.36718e-06,0.003,0.002941,1.10927
836,87,466,29,1.72853e-06,0.004,0.003112,1.07318
837,488,333,29,1.23307e-06,0.004,0.003047,1.01197
838,445,233,28,1.72108e-06,0.003,0.002852,1.01233
839,350,662,30,1.22935e-06,0.002,0.00298,1.01873
840,113,38,26,1.07288e-06,0.003,0.002828,1.03271
841,250,454,29,1.68383e-06,0.003,0.003056,1.02478
842,930,959,30,1.78255e-06,0.004,0.002966,1.00741
843,801,25,25,1.37091e-06,0.004,0.002646,1.00403
845,1000,690,30,1.2815e-06,0.003,0.002926,1.00656
846,951,74,27,1.07288e-06,0.004,0.002945,1.00454
847,380,725,30,1.34669e-06,0.003,0.003015,1.01748
848,260,489,29,1.81422e-06,0.004,0.003083,1.0241
849,301,718,30,1.33365e-06,0.004,0.002967,1.02209
850,664,630,30,1.16974e-06,0.003,0.002836,1.00976
851,153,312,29,1.15484e-06,0.004,0.003037,1.03825
852,862,551,30,1.02259e-06,0.003,0.002948,1.00735
853,477,774,30,1.43796e-06,0.003,0.002981,1.01404
854,706,655,30,1.21631e-06,0.002,0.002966,1.00923
855,242,464,29,1.72108e-06,0.003,0.002958,1.0257
856,479,885,30,1.64472e-06,0.003,0.00301,1.01427
857,28,420,29,1.55717e-06,0.002,0.003044,1.24076
858,274,61,26,1.75834e-06,0.004,0.002872,1.01512
859,170,413,29,1.53109e-06,0.003,0.003051,1.03607
860,177,645,30,1.19768e-06,0.004,0.003037,1.03723
861,103,981,30,1.82353e-06,0.004,0.00302,1.06917
862,72,466,29,1.72853e-06,0.003,0.003049,1.08908
863,382,946,30,1.75834e-06,0.004,0.002956,1.0181
864,321,525,29,1.94833e-06,0.003,0.002848,1.0197
865,34,365,29,1.35228e-06,0.003,0.002966,1.18949
866,669,493,29,1.82912e-06,0.002,0.002844,1.00931
867,911,749,30,1.3914e-06,0.003,0.00296,1.00729
868,515,787,30,1.46218e-06,0.002,0.011278,1.01303
869,690,109,27,1.59442e-06,0.003,0.002574,1.00682
870,396,953,30,1.77138e-06,0.002,0.002744,1.01747
871,967,746,30,1.38581e-06,0.004,0.002644,1.00686
872,735,445,29,1.6503e-06,0.002,0.002624,1.00833
873,375,847,30,1.57394e-06,0.004,0.002714,1.01814
874,381,654,30,1.21444e-06,0.002,0.002673,1.01716
875,604,774,30,1.43796e-06,0.003,0.002638,1.01107
876,948,84,27,1.2219e-06,0.003,0.00241,1.00469
877,83,546,30,1.01328e-06,0.002,0.002708,1.07889
878,305,162,28,1.19209e-06,0.003,0.002599,1.01682
879,924,397,29,1.47149e-06,0.002,0.002601,1.0065
880,724,266,28,1.96695e-06,0.003,0.002559,1.00774
881,346,290,29,1.07288e-06,0.002,0.002663,1.01652
882,565,739,30,1.37277e-06,0.004,0.002611,1.01176
883,533,922,30,1.71363e-06,0.002,0.002582,1.01289
884,435,752,30,1.39698e-06,0.004,0.002731,1.01534
885,755,633,30,1.17533e-06,0.002,0.002708,1.00858
886,749,125,27,1.83284e-06,0.003,0.002533,1.00647
887,969,174,28,1.2815e-06,0.002,0.00251,1.00534
888,846,517,29,1.91852e-06,0.002,0.002548,1.00741
889,367,729,30,1.35414e-06,0.004,0.002939,1.01812
890,752,910,30,1.69128e-06,0.003,0.002686,1.0091
891,903,793,30,1.47335e-06,0.003,0.002805,1.00742
892,411,435,29,1.61305e-06,0.002,0.002646,1.01489
893,341,423,29,1.56835e-06,0.003,0.002593,1.01789
894,920,955,30,1.7751e-06,0.002,0.002615,1.00749
895,884,665,30,1.23493e-06,0.004,0.002662,1.00738
896,381,159,28,1.16974e-06,0.002,0.002642,1.01339
897,282,576,30,1.06916e-06,0.004,0.002775,1.02279
898,580,620,30,1.15111e-06,0.002,0.002673,1.01115
899,807,889,30,1.65217e-06,0.003,0.002629,1.00845
900,892,296,29,1.09524e-06,0.003,0.002671,1.0064
901,88,823,30,1.52923e-06,0.003,0.002862,1.07927
902,266,854,30,1.58697e-06,0.002,0.002833,1.0257
903,149,228,28,1.68383e-06,0.003,0.002656,1.03711
904,132,664,30,1.23307e-06,0.003,0.002746,1.05046
905,296,497,29,1.84402e-06,0.003,0.002635,1.0212
906,145,451,29,1.67266e-06,0.003,0.002746,1.04305
907,499,965,30,1.79373e-06,0.002,0.002652,1.01387
908,533,558,30,1.03563e-06,0.003,0.002663,1.01194
909,574,40,26,1.13249e-06,0.002,0.002521,1.00645
910,232,85,27,1.2368e-06,0.003,0.002618,1.01933
911,154,511,29,1.89617e-06,0.003,0.00273,1.04133
912,40,820,30,1.52364e-06,0.003,0.002798,1.18262
913,94,23,25,1.2517e-06,0.002,0.002535,1.03392
914,832,340,29,1.25915e-06,0.003,0.002621,1.00703
915,569,801,30,1.48825e-06,0.002,0.002724,1.01182
916,642,261,28,1.9297e-06,0.003,0.002698,1.00871
917,674,649,30,1.20513e-06,0.002,0.002623,1.00965
918,871,863,30,1.60374e-06,0.003,0.002604,1.00779
919,887,710,30,1.31875e-06,0.003,0.002697,1.00743
920,986,731,30,1.35787e-06,0.002,0.002642,1.00671
921,152,558,30,1.03563e-06,0.002,0.002822,1.04249
922,681,181,28,1.33365e-06,0.002,0.002587,1.00766
923,103,461,29,1.70991e-06,0.003,0.002627,1.06136
924,672,486,29,1.80304e-06,0.002,0.002523,1.00925
925,134,701,30,1.30199e-06,0.003,0.002711,1.05011
926,918,384,29,1.42306e-06,0.004,0.002604,1.0065
927,290,994,30,1.84774e-06,0.002,0.002616,1.02408
928,70,132,27,1.93715e-06,0.003,0.002672,1.07225
929,725,63,26,1.81794e-06,0.002,0.002581,1.00573
930,565,427,29,1.58325e-06,0.002,0.002621,1.01078
931,270,652,30,1.21072e-06,0.004,0.002801,1.02429
932,828,84,27,1.2219e-06,0.002,0.00254,1.00537
933,325,521,29,1.93343e-06,0.003,0.002665,1.01944
934,356,7,23,1.19209e-06,0.002,0.002436,1.00548
935,696,831,30,1.54413e-06,0.002,0.002726,1.00971
936,181,779,30,1.44728e-06,0.003,0.002815,1.03747
937,905,519,29,1.92598e-06,0.003,0.002583,1.00693
938,203,107,27,1.56462e-06,0.002,0.002612,1.02329
939,251,95,27,1.38581e-06,0.004,0.002628,1.01831
940,24,183,28,1.34856e-06,0.002,0.002623,1.24242
941,892,734,30,1.36346e-06,0.003,0.002684,1.00742
942,968,61,26,1.75834e-06,0.002,0.002468,1.00426
943,777,589,30,1.09337e-06,0.002,0.002595,1.00824
944,63,797,30,1.4808e-06,0.003,0.002756,1.11187
945,455,758,30,1.40816e-06,0.003,0.002768,1.01468
946,402,224,28,1.65403e-06,0.003,0.002675,1.01355
947,964,580,30,1.07661e-06,0.003,0.002739,1.00662
948,171,159,28,1.16974e-06,0.003,0.002658,1.03009
949,563,476,29,1.76579e-06,0.003,0.002685,1.01101
950,367,838,30,1.55717e-06,0.002,0.002655,1.01851
951,477,71,27,1.02818e-06,0.012,0.011037,1.00898
952,889,804,30,1.49384e-06,0.003,0.002683,1.00755
953,981,99,27,1.44541e-06,0.003,0.002591,1.0047
954,861,122,27,1.78814e-06,0.003,0.00267,1.0056
955,140,926,30,1.72108e-06,0.002,0.002913,1.05
956,617,525,29,1.94833e-06,0.002,0.002738,1.0102
957,426,562,30,1.04308e-06,0.012,0.011043,1.01497
958,5,300,29,1.11014e-06,0.002,0.002846,3.12913
959,81,433,29,1.6056e-06,0.002,0.002756,1.07783
960,314,310,29,1.14739e-06,0.004,0.002693,1.01844
961,74,610,30,1.13249e-06,0.002,0.002721,1.09054
962,458,237,28,1.75089e-06,0.003,0.002738,1.01201
963,518,44,26,1.2517e-06,0.003,0.002528,1.00733
964,334,833,30,1.54786e-06,0.002,0.002695,1.02034
965,793,337,29,1.24797e-06,0.003,0.002589,1.00737
966,188,405,29,1.50129e-06,0.003,0.002724,1.03245
967,204,952,30,1.76951e-06,0.003,0.002733,1.03419
968,905,336,29,1.24425e-06,0.003,0.002547,1.00645
969,759,569,30,1.05612e-06,0.002,0.002617,1.00839
970,533,797,30,1.4808e-06,0.003,0.002621,1.01261
971,573,376,29,1.39326e-06,0.003,0.002564,1.0104
972,848,985,30,1.83098e-06,0.003,0.002621,1.00816
973,926,597,30,1.10827e-06,0.003,0.002677,1.00693
974,906,185,28,1.36346e-06,0.003,0.002486,1.00578
975,343,807,30,1.49943e-06,0.002,0.002677,1.01971
976,868,491,29,1.82167e-06,0.003,0.002647,1.00716
977,796,167,28,1.22935e-06,0.003,0.002632,1.00645
978,28,584,30,1.08406e-06,0.003,0.002832,1.25545
979,856,392,29,1.45286e-06,0.004,0.002661,1.007
980,821,889,30,1.65217e-06,0.002,0.002618,1.0083
981,564,868,30,1.61305e-06,0.003,0.002627,1.01207
982,39,977,30,1.81608e-06,0.004,0.002808,1.19306
983,223,722,30,1.3411e-06,0.002,0.002732,1.02996
984,711,384,29,1.42306e-06,0.003,0.002613,1.0084
985,562,205,28,1.51247e-06,0.003,0.002619,1.00952
986,489,424,29,1.57207e-06,0.002,0.002677,1.01245
987,831,362,29,1.3411e-06,0.003,0.00262,1.00712
988,479,23,25,1.2517e-06,0.002,0.002478,1.00657
989,361,565,30,1.04867e-06,0.003,0.002784,1.01771
990,236,227,28,1.67638e-06,0.002,0.002777,1.02325
991,975,297,29,1.09896e-06,0.003,0.002609,1.00586
992,422,24,25,1.3113e-06,0.003,0.00248,1.00756
993,522,697,30,1.29454e-06,0.003,0.002666,1.01262
994,419,418,29,1.54972e-06,0.003,0.002721,1.01451
995,507,612,30,1.13621e-06,0.002,0.002692,1.01274
996,908,824,30,1.53109e-06,0.004,0.002668,1.00742
997,190,174,28,1.2815e-06,0.003,0.002679,1.02752
998,125,676,30,1.25542e-06,0.002,0.002649,1.05351
999,993,735,30,1.36532e-06,0.004,0.002709,1.00667
1000,939,103,27,1.50502e-06,0.002,0.002604,1.00495
